,posicao,momento,square_optimization_in_mm,torcional_stiffness_for_square_profile_in_Nm/rad
0,0.99,177.2369462686684,31,6.652
1,0.991,177.23694626866842,31,6.645
2,0.992,177.2369462686684,31,6.652
3,0.993,177.23694626866842,31,6.645
4,0.994,177.23694626866842,31,6.645
5,0.995,177.2369462686684,31,6.652
6,0.996,177.23694626866842,31,6.645
7,0.997,177.23694626866842,31,6.645
8,0.998,177.23694626866842,31,6.645
9,0.999,177.2369462686684,31,6.652
10,1.0,177.2369462686684,31,6.652
11,1.001,177.2369462686684,31,6.652
12,1.002,177.2369462686684,31,6.652
13,1.003,177.2369462686684,31,6.652
14,1.004,177.2369462686684,31,6.652
15,1.005,177.23694626866842,31,6.645
16,1.006,177.23694626866842,31,6.645
17,1.007,177.23694626866842,31,6.645
18,1.008,177.2369462686684,31,6.652
19,1.009,177.2369462686684,31,6.652
20,1.01,177.2369462686684,31,6.652
21,1.011,177.2369462686684,31,6.652
22,1.012,177.23694626866842,31,6.645
23,1.013,177.23694626866842,31,6.645
24,1.014,177.23694626866842,31,6.645
25,1.015,177.23694626866842,31,6.645
26,1.016,177.2369462686684,31,6.652
27,1.017,177.2369462686684,31,6.652
28,1.018,177.2369462686684,31,6.652
29,1.019,177.23694626866842,31,6.645
30,1.02,177.23694626866842,31,6.645
31,1.021,177.23694626866842,31,6.645
32,1.022,177.23694626866842,31,6.645
33,1.023,177.23694626866842,31,6.645
34,1.024,177.2369462686684,31,6.652
35,1.025,177.23694626866842,31,6.645
36,1.026,177.2369462686684,31,6.652
37,1.027,177.23694626866842,31,6.645
38,1.028,177.2369462686684,31,6.652
39,1.029,177.23694626866842,31,6.645
40,1.03,177.23694626866842,31,6.645
41,1.031,177.23694626866842,31,6.645
42,1.032,177.23694626866836,31,6.381
43,1.033,177.2369462686684,31,6.652
44,1.034,177.2369462686684,31,6.652
45,1.035,177.23694626866842,31,6.645
46,1.036,177.23694626866842,31,6.645
47,1.037,177.2369462686684,31,6.652
48,1.038,177.23694626866842,31,6.645
49,1.039,177.23694626866842,31,6.645
50,1.04,177.23694626866842,31,6.645
51,1.041,177.2369462686684,31,6.652
52,1.042,177.23694626866842,31,6.645
53,1.043,177.2369462686684,31,6.652
54,1.044,177.23694626866842,31,6.645
55,1.045,177.23694626866842,31,6.645
56,1.046,177.2369462686684,31,6.652
57,1.047,177.23694626866842,31,6.645
58,1.048,177.23694626866842,31,6.645
59,1.049,177.23694626866842,31,6.645
60,1.05,177.23694626866842,31,6.645
61,1.051,177.2369462686684,31,6.652
62,1.052,177.23694626866842,31,6.645
63,1.053,177.23694626866842,31,6.645
64,1.054,177.23694626866842,31,6.645
65,1.055,177.23694626866842,31,6.645
66,1.056,177.23694626866842,31,6.645
67,1.057,177.23694626866842,31,6.645
68,1.058,177.2369462686684,31,6.652
69,1.059,177.2369462686684,31,6.652
70,1.06,177.23694626866842,31,6.645
71,1.061,177.23694626866842,31,6.645
72,1.062,177.23694626866842,31,6.645
73,1.063,177.23694626866842,31,6.645
74,1.064,177.23694626866842,31,6.645
75,1.065,177.23694626866842,31,6.645
76,1.066,177.23694626866842,31,6.645
77,1.067,177.23694626866842,31,6.645
78,1.068,177.23694626866842,31,6.645
79,1.069,177.23694626866842,31,6.645
80,1.07,177.23694626866842,31,6.645
81,1.071,177.2369462686684,31,6.652
82,1.072,177.23694626866845,31,6.143
83,1.073,177.23694626866842,31,6.645
84,1.074,177.2369462686684,31,6.652
85,1.075,177.23694626866842,31,6.645
86,1.076,177.23694626866842,31,6.645
87,1.077,177.23694626866842,31,6.645
88,1.078,177.23694626866842,31,6.645
89,1.079,177.23694626866842,31,6.645
90,1.08,176.80023602493608,31,6.097
91,1.081,176.36352578120383,30,5.483
92,1.082,175.92681553747147,30,5.478
93,1.083,175.49010529373922,30,5.473
94,1.084,175.05339505000686,30,5.468
95,1.085,174.6166848062746,30,5.463
96,1.086,174.1799745625423,30,5.458
97,1.087,173.74326431881002,30,5.453
98,1.088,173.30655407507766,30,5.448
99,1.089,172.86984383134543,30,5.443
100,1.09,172.43313358761307,30,5.438
101,1.091,171.9964233438808,30,5.433
102,1.092,171.55971310014849,30,5.428
103,1.093,171.1230028564162,30,5.423
104,1.094,170.6862926126839,30,5.418
105,1.095,170.24958236895165,30,5.413
106,1.096,169.8128721252193,30,5.408
107,1.097,169.37616188148704,30,5.403
108,1.098,168.93945163775467,30,5.398
109,1.099,168.5027413940224,30,5.393
110,1.1,168.0660311502901,30,5.388
111,1.101,167.6293209065578,30,5.383
112,1.102,167.19261066282547,30,5.378
113,1.103,166.75590041909322,30,5.374
114,1.104,166.3191901753609,30,5.369
115,1.105,165.88247993162864,30,5.364
116,1.106,165.44576968789625,30,5.359
117,1.107,165.009059444164,30,5.354
118,1.108,164.57234920043163,30,5.349
119,1.109,164.1356389566994,30,5.344
120,1.11,163.69892871296707,29,4.788
121,1.111,163.26221846923482,29,4.783
122,1.112,162.82550822550246,29,4.779
123,1.113,162.3887979817702,29,4.775
124,1.114,161.95208773803785,29,4.771
125,1.115,161.51537749430557,29,4.766
126,1.116,161.07866725057323,29,4.762
127,1.117,160.64195700684098,29,4.758
128,1.118,160.20524676310868,29,4.753
129,1.119,159.7685365193764,29,4.749
130,1.12,159.33182627564406,29,4.745
131,1.121,158.89511603191184,29,4.741
132,1.122,158.45840578817948,29,4.737
133,1.123,158.0216955444472,29,4.732
134,1.124,157.58498530071483,29,4.728
135,1.125,157.1482750569826,29,4.724
136,1.126,156.71156481325036,29,4.72
137,1.127,156.274854569518,29,4.716
138,1.128,155.83814432578578,29,4.711
139,1.129,155.4014340820534,29,4.707
140,1.13,154.9647238383211,29,4.703
141,1.131,154.5280135945888,29,4.699
142,1.132,154.09130335085655,29,4.695
143,1.133,153.6545931071242,29,4.691
144,1.134,153.21788286339194,29,4.686
145,1.135,152.7811726196596,29,4.682
146,1.136,152.34446237592735,29,4.678
147,1.137,151.907752132195,29,4.674
148,1.138,151.47104188846274,28,4.17
149,1.139,151.03433164473043,28,4.166
150,1.14,150.59762140099815,28,4.163
151,1.141,150.1609111572658,28,4.159
152,1.142,149.72420091353354,28,4.155
153,1.143,149.28749066980117,28,4.152
154,1.144,148.85078042606895,28,4.148
155,1.145,148.41407018233662,28,4.145
156,1.146,147.97735993860437,28,4.141
157,1.147,147.540649694872,28,4.137
158,1.148,147.10393945113975,28,4.134
159,1.149,146.6672292074074,28,4.13
160,1.15,146.23051896367517,28,4.127
161,1.151,145.7938087199428,28,4.123
162,1.152,145.35709847621055,28,4.119
163,1.153,144.92038823247822,28,4.116
164,1.154,144.48367798874597,28,4.112
165,1.155,144.04696774501363,28,4.109
166,1.156,143.61025750128135,28,4.105
167,1.157,143.173547257549,28,4.102
168,1.158,142.73683701381677,28,4.098
169,1.159,142.3001267700844,28,4.094
170,1.16,141.86341652635213,28,4.091
171,1.161,141.4267062826198,28,4.087
172,1.162,140.98999603888754,28,4.084
173,1.163,140.5532857951552,28,4.08
174,1.164,140.11657555142295,28,4.077
175,1.165,139.6798653076906,27,3.621
176,1.166,139.24315506395834,27,3.618
177,1.167,138.806444820226,27,3.615
178,1.168,138.36973457649373,27,3.612
179,1.169,137.9330243327614,27,3.609
180,1.17,137.49631408902914,27,3.606
181,1.171,137.0596038452968,27,3.603
182,1.172,136.62289360156456,27,3.6
183,1.173,136.1861833578322,27,3.597
184,1.174,135.74947311409994,27,3.593
185,1.175,135.3127628703676,27,3.59
186,1.176,134.87605262663536,27,3.587
187,1.177,134.439342382903,27,3.584
188,1.178,134.00263213917071,27,3.581
189,1.179,133.5659218954384,27,3.578
190,1.18,133.20934332331103,27,3.575
191,1.181,132.8616682702508,27,3.572
192,1.182,132.5139932171906,27,3.569
193,1.183,132.16631816413036,27,3.566
194,1.184,131.8186431110702,27,3.563
195,1.185,131.47096805801,27,3.56
196,1.186,131.1232930049498,27,3.557
197,1.187,130.7756179518896,27,3.554
198,1.188,130.42794289882943,27,3.551
199,1.189,130.0802678457692,27,3.548
200,1.19,129.73259279270903,27,3.545
201,1.191,129.38491773964878,27,3.542
202,1.192,129.03724268658863,27,3.539
203,1.193,128.68956763352838,27,3.536
204,1.194,128.34189258046823,26,3.126
205,1.195,127.99421752740798,26,3.123
206,1.196,127.64654247434784,26,3.121
207,1.197,127.29886742128755,26,3.118
208,1.198,126.95119236822744,26,3.116
209,1.199,126.60351731516718,26,3.113
210,1.2,126.25584226210702,26,3.11
211,1.201,125.90816720904677,26,3.108
212,1.202,125.56049215598662,26,3.105
213,1.203,125.2128171029264,26,3.103
214,1.204,124.8651420498662,26,3.1
215,1.205,124.51746699680598,26,3.097
216,1.206,124.16979194374582,26,3.095
217,1.207,123.8221168906856,26,3.092
218,1.208,123.4744418376254,26,3.09
219,1.209,123.12676678456516,26,3.087
220,1.21,122.77909173150502,26,3.085
221,1.211,122.43141667844478,26,3.082
222,1.212,122.08374162538462,26,3.08
223,1.213,121.73606657232438,26,3.077
224,1.214,121.38839151926422,26,3.075
225,1.215,121.04071646620396,26,3.072
226,1.216,120.69304141314382,26,3.069
227,1.217,120.34536636008356,26,3.067
228,1.218,119.99769130702344,26,3.064
229,1.219,119.65001625396316,26,3.062
230,1.22,119.30234120090302,26,3.059
231,1.221,118.95466614784276,26,3.057
232,1.222,118.60699109478264,26,3.054
233,1.223,118.2593160417224,26,3.052
234,1.224,117.91164098866224,26,3.049
235,1.225,117.56396593560196,25,2.682
236,1.226,117.2162908825418,25,2.68
237,1.227,116.86861582948158,25,2.677
238,1.228,116.52094077642144,25,2.675
239,1.229,116.17326572336115,25,2.673
240,1.23,115.825590670301,25,2.671
241,1.231,115.4779156172408,25,2.669
242,1.232,115.13024056418062,25,2.666
243,1.233,114.78256551112035,25,2.664
244,1.234,114.4348904580602,25,2.662
245,1.235,114.087215405,25,2.66
246,1.236,113.7395403519398,25,2.658
247,1.237,113.39186529887957,25,2.656
248,1.238,113.04419024581942,25,2.654
249,1.239,112.69651519275918,25,2.651
250,1.24,112.348840139699,25,2.649
251,1.241,112.00116508663876,25,2.647
252,1.242,111.65349003357862,25,2.645
253,1.243,111.30581498051836,25,2.643
254,1.244,110.9581399274582,25,2.641
255,1.245,110.61046487439796,25,2.639
256,1.246,110.26278982133782,25,2.637
257,1.247,109.91511476827758,25,2.634
258,1.248,109.56743971521742,25,2.632
259,1.249,109.21976466215716,25,2.63
260,1.25,108.872089609097,25,2.628
261,1.251,108.52441455603685,25,2.626
262,1.252,108.17673950297662,25,2.624
263,1.253,107.82906444991644,25,2.622
264,1.254,107.4813893968562,25,2.62
265,1.255,107.13371434379604,24,2.291
266,1.256,106.78603929073584,24,2.289
267,1.257,106.43836423767566,24,2.287
268,1.258,106.0906891846154,24,2.285
269,1.259,105.74301413155524,24,2.284
270,1.26,105.395339078495,24,2.282
271,1.261,105.04766402543484,24,2.28
272,1.262,104.6999889723746,24,2.278
273,1.263,104.35231391931444,24,2.276
274,1.264,104.0046388662542,24,2.274
275,1.265,103.65696381319404,24,2.273
276,1.266,103.3092887601338,24,2.271
277,1.267,102.96161370707364,24,2.269
278,1.268,102.6139386540134,24,2.267
279,1.269,102.26626360095324,24,2.266
280,1.27,101.918588547893,24,2.264
281,1.271,101.57091349483284,24,2.262
282,1.272,101.2232384417726,24,2.26
283,1.273,100.87556338871244,24,2.258
284,1.274,100.5278883356522,24,2.257
285,1.275,100.18021328259204,24,2.255
286,1.276,99.8325382295318,24,2.253
287,1.277,99.48486317647163,24,2.251
288,1.278,99.1371881234114,24,2.25
289,1.279,98.78951307035123,24,2.248
290,1.28,98.48762628310222,24,2.246
291,1.281,98.19718656230604,24,2.244
292,1.282,97.9067468415098,24,2.243
293,1.283,97.61630712071364,24,2.241
294,1.284,97.3258673999174,23,1.947
295,1.285,97.03542767912124,23,1.946
296,1.286,96.744987958325,23,1.944
297,1.287,96.45454823752884,23,1.943
298,1.288,96.1641085167326,23,1.941
299,1.289,95.87366879593644,23,1.94
300,1.29,95.5832290751402,23,1.938
301,1.291,95.29278935434402,23,1.937
302,1.292,95.0023496335478,23,1.935
303,1.293,94.71190991275162,23,1.934
304,1.294,94.4214701919554,23,1.932
305,1.295,94.13103047115924,23,1.931
306,1.296,93.840590750363,23,1.929
307,1.297,93.55015102956683,23,1.928
308,1.298,93.2597113087706,23,1.926
309,1.299,92.96927158797445,23,1.925
310,1.3,92.6788318671782,23,1.923
311,1.301,92.38839214638205,23,1.922
312,1.302,92.09795242558582,23,1.92
313,1.303,91.80751270478964,23,1.919
314,1.304,91.5170729839934,23,1.918
315,1.305,91.22663326319724,23,1.916
316,1.306,90.936193542401,23,1.915
317,1.307,90.64575382160484,23,1.913
318,1.308,90.3553141008086,23,1.912
319,1.309,90.06487438001243,23,1.91
320,1.31,89.7744346592162,23,1.909
321,1.311,89.48399493842004,23,1.907
322,1.312,89.1935552176238,23,1.906
323,1.313,88.90311549682762,23,1.904
324,1.314,88.6126757760314,23,1.903
325,1.315,88.32223605523524,23,1.901
326,1.316,88.03179633443898,22,1.641
327,1.317,87.74135661364284,22,1.64
328,1.318,87.4509168928466,22,1.639
329,1.319,87.16047717205043,22,1.638
330,1.32,86.87003745125419,22,1.636
331,1.321,86.57959773045802,22,1.635
332,1.322,86.2891580096618,22,1.634
333,1.323,85.99871828886563,22,1.633
334,1.324,85.70827856806939,22,1.631
335,1.325,85.41783884727323,22,1.63
336,1.326,85.12739912647699,22,1.629
337,1.327,84.83695940568083,22,1.628
338,1.328,84.54651968488459,22,1.627
339,1.329,84.25607996408843,22,1.625
340,1.33,83.9656402432922,22,1.624
341,1.331,83.67520052249604,22,1.623
342,1.332,83.38476080169978,22,1.622
343,1.333,83.09432108090363,22,1.62
344,1.334,82.80388136010738,22,1.619
345,1.335,82.51344163931122,22,1.618
346,1.336,82.223001918515,22,1.617
347,1.337,81.93256219771882,22,1.616
348,1.338,81.6421224769226,22,1.614
349,1.339,81.35168275612642,22,1.613
350,1.34,81.0612430353302,22,1.612
351,1.341,80.77080331453402,22,1.611
352,1.342,80.48036359373779,22,1.61
353,1.343,80.18992387294163,22,1.608
354,1.344,79.89948415214539,22,1.607
355,1.345,79.60904443134922,22,1.606
356,1.346,79.31860471055299,22,1.605
357,1.347,79.02816498975683,21,1.375
358,1.348,78.73772526896059,21,1.374
359,1.349,78.44728554816442,21,1.373
360,1.35,78.15684582736819,21,1.372
361,1.351,77.86640610657203,21,1.371
362,1.352,77.57596638577579,21,1.37
363,1.353,77.28552666497961,21,1.369
364,1.354,76.99508694418338,21,1.368
365,1.355,76.70464722338723,21,1.367
366,1.356,76.41420750259098,21,1.366
367,1.357,76.12376778179481,21,1.365
368,1.358,75.83332806099858,21,1.364
369,1.359,75.54288834020242,21,1.363
370,1.36,75.2524486194062,21,1.362
371,1.361,74.96200889861001,21,1.361
372,1.362,74.67156917781378,21,1.36
373,1.363,74.38112945701762,21,1.359
374,1.364,74.09068973622139,21,1.358
375,1.365,73.8002500154252,21,1.357
376,1.366,73.50981029462898,21,1.356
377,1.367,73.21937057383282,21,1.355
378,1.368,72.92893085303659,21,1.354
379,1.369,72.63849113224043,21,1.353
380,1.37,72.34805141144419,21,1.352
381,1.371,72.05761169064802,21,1.351
382,1.372,71.76717196985179,21,1.35
383,1.373,71.47673224905562,21,1.349
384,1.374,71.18629252825939,21,1.348
385,1.375,70.89585280746321,21,1.347
386,1.376,70.60541308666706,20,1.144
387,1.377,70.31497336587081,20,1.144
388,1.378,70.02453364507464,20,1.143
389,1.379,69.73409392427843,20,1.142
390,1.38,69.4822457722085,20,1.141
391,1.381,69.24693686387839,20,1.14
392,1.382,69.0116279555483,20,1.139
393,1.383,68.7763190472182,20,1.139
394,1.384,68.54101013888811,20,1.138
395,1.385,68.30570123055799,20,1.137
396,1.386,68.07039232222792,20,1.136
397,1.387,67.83508341389778,20,1.135
398,1.388,67.59977450556771,20,1.134
399,1.389,67.3644655972376,20,1.134
400,1.39,67.12915668890751,20,1.133
401,1.391,66.89384778057737,20,1.132
402,1.392,66.6585388722473,20,1.131
403,1.393,66.42322996391718,20,1.13
404,1.394,66.18792105558711,20,1.13
405,1.395,65.95261214725699,20,1.129
406,1.396,65.71730323892692,20,1.128
407,1.397,65.48199433059678,20,1.127
408,1.398,65.24668542226671,20,1.126
409,1.399,65.01137651393658,20,1.126
410,1.4,64.77606760560651,20,1.125
411,1.401,64.54075869727639,20,1.124
412,1.402,64.30544978894632,20,1.123
413,1.403,64.07014088061618,20,1.122
414,1.404,63.83483197228611,20,1.122
415,1.405,63.59952306395599,20,1.121
416,1.406,63.36421415562591,20,1.12
417,1.407,63.12890524729578,20,1.119
418,1.408,62.89359633896571,19,0.942
419,1.409,62.65828743063558,19,0.941
420,1.41,62.42297852230551,19,0.941
421,1.411,62.18766961397538,19,0.94
422,1.412,61.952360705645305,19,0.939
423,1.413,61.71705179731518,19,0.939
424,1.414,61.48174288898511,19,0.938
425,1.415,61.24643398065498,19,0.937
426,1.416,61.0111250723249,19,0.937
427,1.417,60.77581616399478,19,0.936
428,1.418,60.54050725566471,19,0.935
429,1.419,60.30519834733458,19,0.935
430,1.42,60.06988943900451,19,0.934
431,1.421,59.83458053067438,19,0.934
432,1.422,59.59927162234431,19,0.933
433,1.423,59.363962714014185,19,0.932
434,1.424,59.12865380568412,19,0.932
435,1.425,58.893344897353984,19,0.931
436,1.426,58.6580359890239,19,0.93
437,1.427,58.42272708069378,19,0.93
438,1.428,58.187418172363714,19,0.929
439,1.429,57.95210926403358,19,0.928
440,1.43,57.71680035570351,19,0.928
441,1.431,57.48149144737337,19,0.927
442,1.432,57.2461825390433,19,0.926
443,1.433,57.01087363071318,19,0.926
444,1.434,56.77556472238311,19,0.925
445,1.435,56.540255814052976,19,0.924
446,1.436,56.3049469057229,19,0.924
447,1.437,56.06963799739278,19,0.923
448,1.438,55.83432908906271,19,0.922
449,1.439,55.59902018073257,19,0.922
450,1.44,55.3637112724025,18,0.768
451,1.441,55.12840236407237,18,0.767
452,1.442,54.8930934557423,18,0.767
453,1.443,54.65778454741217,18,0.766
454,1.444,54.4224756390821,18,0.766
455,1.445,54.187166730751976,18,0.765
456,1.446,53.95185782242191,18,0.765
457,1.447,53.716548914091774,18,0.764
458,1.448,53.4812400057617,18,0.764
459,1.449,53.24593109743157,18,0.763
460,1.45,53.010622189101504,18,0.763
461,1.451,52.77531328077138,18,0.762
462,1.452,52.5400043724413,18,0.762
463,1.453,52.30469546411118,18,0.761
464,1.454,52.0693865557811,18,0.761
465,1.455,51.834077647450975,18,0.76
466,1.456,51.5987687391209,18,0.76
467,1.457,51.36345983079077,18,0.759
468,1.458,51.1281509224607,18,0.759
469,1.459,50.89284201413058,18,0.758
470,1.46,50.6575331058005,18,0.757
471,1.461,50.42222419747037,18,0.757
472,1.462,50.1869152891403,18,0.756
473,1.463,49.951606380810176,18,0.756
474,1.464,49.7162974724801,18,0.755
475,1.465,49.480988564149975,18,0.755
476,1.466,49.2456796558199,18,0.754
477,1.467,49.01037074748977,18,0.754
478,1.468,48.7750618391597,18,0.753
479,1.469,48.53975293082957,18,0.753
480,1.47,48.304444022499496,17,0.62
481,1.471,48.06913511416938,17,0.619
482,1.472,47.833826205839294,17,0.619
483,1.473,47.598517297509176,17,0.619
484,1.474,47.36320838917909,17,0.618
485,1.475,47.127899480848974,17,0.618
486,1.476,46.8925905725189,17,0.617
487,1.477,46.65728166418877,17,0.617
488,1.478,46.421972755858704,17,0.617
489,1.479,46.18666384752856,17,0.616
490,1.48,45.98293049689256,17,0.616
491,1.481,45.80024751805254,17,0.615
492,1.482,45.61756453921255,17,0.615
493,1.483,45.43488156037254,17,0.614
494,1.484,45.25219858153256,17,0.614
495,1.485,45.06951560269253,17,0.614
496,1.486,44.88683262385256,17,0.613
497,1.487,44.704149645012535,17,0.613
498,1.488,44.52146666617256,17,0.612
499,1.489,44.33878368733254,17,0.612
500,1.49,44.15610070849256,17,0.612
501,1.491,43.97341772965254,17,0.611
502,1.492,43.79073475081256,17,0.611
503,1.493,43.60805177197253,17,0.61
504,1.494,43.42536879313256,17,0.61
505,1.495,43.24268581429253,17,0.61
506,1.496,43.06000283545256,17,0.609
507,1.497,42.87731985661253,17,0.609
508,1.498,42.69463687777255,17,0.608
509,1.499,42.51195389893253,17,0.608
510,1.5,42.32927092009256,17,0.608
511,1.501,42.14658794125258,17,0.607
512,1.502,41.96390496241256,16,0.493
513,1.503,41.78122198357258,16,0.493
514,1.504,41.59853900473256,16,0.493
515,1.505,41.41585602589258,16,0.492
516,1.506,41.23317304705255,16,0.492
517,1.507,41.050490068212575,16,0.492
518,1.508,40.86780708937256,16,0.491
519,1.509,40.68512411053258,16,0.491
520,1.51,40.50244113169255,16,0.491
521,1.511,40.31975815285257,16,0.49
522,1.512,40.13707517401255,16,0.49
523,1.513,39.954392195172574,16,0.49
524,1.514,39.77170921633255,16,0.489
525,1.515,39.589026237492575,16,0.489
526,1.516,39.40634325865256,16,0.489
527,1.517,39.22366027981258,16,0.488
528,1.518,39.04097730097255,16,0.488
529,1.519,38.85829432213257,16,0.488
530,1.52,38.67561134329255,16,0.487
531,1.521,38.49292836445257,16,0.487
532,1.522,38.31024538561255,16,0.487
533,1.523,38.12756240677257,16,0.486
534,1.524,37.94487942793255,16,0.486
535,1.525,37.76219644909257,16,0.486
536,1.526,37.57951347025255,16,0.486
537,1.527,37.39683049141257,16,0.485
538,1.528,37.21414751257255,16,0.485
539,1.529,37.03146453373257,16,0.485
540,1.53,36.84878155489255,16,0.484
541,1.531,36.66609857605257,16,0.484
542,1.532,36.48341559721255,16,0.484
543,1.533,36.30073261837256,16,0.483
544,1.534,36.11804963953255,16,0.483
545,1.535,35.935366660692566,15,0.386
546,1.536,35.752683681852545,15,0.386
547,1.537,35.57000070301257,15,0.386
548,1.538,35.38731772417255,15,0.386
549,1.539,35.20463474533257,15,0.385
550,1.54,35.02195176649255,15,0.385
551,1.541,34.83926878765257,15,0.385
552,1.542,34.65658580881255,15,0.385
553,1.543,34.473902829972566,15,0.384
554,1.544,34.291219851132546,15,0.384
555,1.545,34.10853687229257,15,0.384
556,1.546,33.92585389345255,15,0.384
557,1.547,33.74317091461257,15,0.383
558,1.548,33.56048793577254,15,0.383
559,1.549,33.377804956932565,15,0.383
560,1.55,33.19512197809255,15,0.383
561,1.551,33.012438999252566,15,0.382
562,1.552,32.829756020412546,15,0.382
563,1.553,32.64707304157257,15,0.382
564,1.554,32.46439006273255,15,0.382
565,1.555,32.28170708389256,15,0.381
566,1.556,32.09902410505255,15,0.381
567,1.557,31.91634112621257,15,0.381
568,1.558,31.733658147372545,15,0.381
569,1.559,31.550975168532567,15,0.38
570,1.56,31.368292189692543,15,0.38
571,1.561,31.185609210852565,15,0.38
572,1.562,31.00292623201255,15,0.38
573,1.563,30.820243253172567,15,0.38
574,1.564,30.637560274332543,15,0.379
575,1.565,30.454877295492565,15,0.379
576,1.566,30.27219431665255,14,0.298
577,1.567,30.089511337812564,14,0.298
578,1.568,29.906828358972547,14,0.298
579,1.569,29.724145380132565,14,0.297
580,1.57,29.54146240129255,14,0.297
581,1.571,29.358779422452564,14,0.297
582,1.572,29.176096443612547,14,0.297
583,1.573,28.99341346477256,14,0.297
584,1.574,28.810730485932545,14,0.296
585,1.575,28.628047507092564,14,0.296
586,1.576,28.445364528252547,14,0.296
587,1.577,28.26268154941257,14,0.296
588,1.578,28.079998570572545,14,0.296
589,1.579,27.897315591732564,14,0.295
590,1.58,27.734484703618627,14,0.295
591,1.581,27.60143195159384,14,0.295
592,1.582,27.46837919956903,14,0.295
593,1.583,27.33532644754424,14,0.295
594,1.584,27.202273695519423,14,0.295
595,1.585,27.06922094349464,14,0.294
596,1.586,26.936168191469825,14,0.294
597,1.587,26.803115439445044,14,0.294
598,1.588,26.670062687420227,14,0.294
599,1.589,26.53700993539544,14,0.294
600,1.59,26.403957183370625,14,0.293
601,1.591,26.27090443134584,14,0.293
602,1.592,26.137851679321024,14,0.293
603,1.593,26.004798927296243,14,0.293
604,1.594,25.871746175271426,14,0.293
605,1.595,25.73869342324664,14,0.293
606,1.596,25.605640671221828,14,0.292
607,1.597,25.47258791919704,14,0.292
608,1.598,25.339535167172222,13,0.225
609,1.599,25.20648241514744,13,0.225
610,1.6,25.073429663122628,13,0.225
611,1.601,24.94037691109784,13,0.224
612,1.602,24.807324159073023,13,0.224
613,1.603,24.67427140704824,13,0.224
614,1.604,24.541218655023425,13,0.224
615,1.605,24.40816590299864,13,0.224
616,1.606,24.275113150973823,13,0.224
617,1.607,24.14206039894904,13,0.224
618,1.608,24.009007646924225,13,0.223
619,1.609,23.87595489489944,13,0.223
620,1.61,23.742902142874623,13,0.223
621,1.611,23.60984939084984,13,0.223
622,1.612,23.476796638825025,13,0.223
623,1.613,23.34374388680024,13,0.223
624,1.614,23.210691134775423,13,0.223
625,1.615,23.077638382750635,13,0.223
626,1.616,22.944585630725825,13,0.222
627,1.617,22.81153287870104,13,0.222
628,1.618,22.678480126676224,13,0.222
629,1.619,22.54542737465144,13,0.222
630,1.62,22.412374622626626,13,0.222
631,1.621,22.27932187060184,13,0.222
632,1.622,22.146269118577024,13,0.222
633,1.623,22.01321636655224,13,0.221
634,1.624,21.880163614527422,13,0.221
635,1.625,21.74711086250264,13,0.221
636,1.626,21.614058110477853,13,0.221
637,1.627,21.48100535845304,13,0.221
638,1.628,21.34795260642825,13,0.221
639,1.629,21.21489985440344,13,0.221
640,1.63,21.081847102378653,13,0.22
641,1.631,20.94879435035384,13,0.22
642,1.632,20.81574159832905,13,0.22
643,1.633,20.682688846304234,12,0.165
644,1.634,20.54963609427945,12,0.165
645,1.635,20.41658334225464,12,0.165
646,1.636,20.28353059022985,12,0.165
647,1.637,20.15047783820504,12,0.165
648,1.638,20.017425086180253,12,0.165
649,1.639,19.88437233415544,12,0.165
650,1.64,19.75131958213065,12,0.165
651,1.641,19.618266830105835,12,0.165
652,1.642,19.485214078081054,12,0.164
653,1.643,19.35216132605624,12,0.164
654,1.644,19.21910857403145,12,0.164
655,1.645,19.086055822006635,12,0.164
656,1.646,18.95300306998185,12,0.164
657,1.647,18.81995031795704,12,0.164
658,1.648,18.68689756593225,12,0.164
659,1.649,18.55384481390744,12,0.164
660,1.65,18.42079206188265,12,0.164
661,1.651,18.28773930985784,12,0.164
662,1.652,18.154686557833053,12,0.163
663,1.653,18.02163380580824,12,0.163
664,1.654,17.88858105378345,12,0.163
665,1.655,17.755528301758638,12,0.163
666,1.656,17.62247554973385,12,0.163
667,1.657,17.489422797709036,12,0.163
668,1.658,17.35637004568425,12,0.163
669,1.659,17.223317293659434,12,0.163
670,1.66,17.09026454163465,12,0.163
671,1.661,16.957211789609836,12,0.163
672,1.662,16.82415903758505,12,0.162
673,1.663,16.691106285560235,12,0.162
674,1.664,16.55805353353545,11,0.118
675,1.665,16.425000781510633,11,0.118
676,1.666,16.29194802948585,11,0.118
677,1.667,16.158895277461035,11,0.118
678,1.668,16.02584252543625,11,0.118
679,1.669,15.892789773411431,11,0.118
680,1.67,15.75973702138665,11,0.118
681,1.671,15.626684269361837,11,0.118
682,1.672,15.49363151733705,11,0.118
683,1.673,15.360578765312235,11,0.118
684,1.674,15.227526013287449,11,0.118
685,1.675,15.094473261262634,11,0.118
686,1.676,14.96142050923785,11,0.117
687,1.677,14.828367757213035,11,0.117
688,1.678,14.695315005188249,11,0.117
689,1.679,14.562262253163434,11,0.117
690,1.68,14.442999789053127,11,0.117
691,1.681,14.355914663409918,11,0.117
692,1.682,14.268829537766727,11,0.117
693,1.683,14.181744412123516,11,0.117
694,1.684,14.094659286480328,11,0.117
695,1.685,14.007574160837116,11,0.117
696,1.686,13.920489035193928,11,0.117
697,1.687,13.833403909550718,11,0.117
698,1.688,13.746318783907526,11,0.117
699,1.689,13.659233658264318,11,0.117
700,1.69,13.572148532621128,11,0.116
701,1.691,13.485063406977918,11,0.116
702,1.692,13.397978281334728,11,0.116
703,1.693,13.310893155691517,11,0.116
704,1.694,13.223808030048328,11,0.116
705,1.695,13.136722904405117,11,0.116
706,1.696,13.049637778761928,10,0.082
707,1.697,12.962552653118715,10,0.081
708,1.698,12.875467527475529,10,0.081
709,1.699,12.788382401832315,10,0.081
710,1.7,12.701297276189123,10,0.081
711,1.701,12.614212150545915,10,0.081
712,1.702,12.527127024902724,10,0.081
713,1.703,12.440041899259516,10,0.081
714,1.704,12.352956773616327,10,0.081
715,1.705,12.265871647973118,10,0.081
716,1.706,12.178786522329926,10,0.081
717,1.707,12.091701396686718,10,0.081
718,1.708,12.004616271043526,10,0.081
719,1.709,11.917531145400316,10,0.081
720,1.71,11.830446019757126,10,0.081
721,1.711,11.743360894113916,10,0.081
722,1.712,11.656275768470726,10,0.081
723,1.713,11.569190642827516,10,0.081
724,1.714,11.482105517184326,10,0.081
725,1.715,11.395020391541117,10,0.081
726,1.716,11.307935265897926,10,0.081
727,1.717,11.220850140254717,10,0.081
728,1.718,11.133765014611525,10,0.08
729,1.719,11.046679888968317,10,0.08
730,1.72,10.959594763325123,10,0.08
731,1.721,10.872509637681915,10,0.08
732,1.722,10.785424512038729,10,0.08
733,1.723,10.698339386395515,10,0.08
734,1.724,10.611254260752329,10,0.08
735,1.725,10.524169135109116,10,0.08
736,1.726,10.437084009465924,10,0.08
737,1.727,10.349998883822716,10,0.08
738,1.728,10.262913758179526,10,0.08
739,1.729,10.175828632536316,10,0.08
740,1.73,10.088743506893126,10,0.08
741,1.731,10.001658381249914,10,0.08
742,1.732,9.914573255606726,10,0.08
743,1.733,9.827488129963516,10,0.08
744,1.734,9.740403004320326,10,0.08
745,1.735,9.653317878677116,10,0.08
746,1.736,9.566232753033924,10,0.08
747,1.737,9.479147627390716,10,0.08
748,1.738,9.392062501747525,10,0.08
749,1.739,9.304977376104317,10,0.079
750,1.74,9.217892250461125,10,0.079
751,1.741,9.130807124817917,10,0.079
752,1.742,9.043721999174725,10,0.079
753,1.743,8.956636873531515,10,0.079
754,1.744,8.869551747888323,10,0.079
755,1.745,8.782466622245115,10,0.079
756,1.746,8.695381496601925,10,0.079
757,1.747,8.608296370958714,10,0.079
758,1.748,8.521211245315524,10,0.079
759,1.749,8.434126119672314,10,0.079
760,1.75,8.347040994029124,10,0.079
761,1.751,8.259955868385934,10,0.079
762,1.752,8.172870742742724,10,0.079
763,1.753,8.085785617099534,10,0.079
764,1.754,7.998700491456324,10,0.079
765,1.755,7.911615365813134,10,0.079
766,1.756,7.824530240169923,10,0.079
767,1.757,7.737445114526734,10,0.079
768,1.758,7.650359988883524,10,0.079
769,1.759,7.563274863240334,10,0.079
770,1.76,7.476189737597124,10,0.079
771,1.761,7.3891046119539325,10,0.079
772,1.762,7.302019486310724,10,0.078
773,1.763,7.214934360667533,10,0.078
774,1.764,7.127849235024324,10,0.078
775,1.765,7.040764109381134,10,0.078
776,1.766,6.953678983737923,10,0.078
777,1.767,6.866593858094733,10,0.078
778,1.768,6.779508732451523,10,0.078
779,1.769,6.692423606808333,10,0.078
780,1.77,6.605338481165124,10,0.078
781,1.771,6.518253355521933,10,0.078
782,1.772,6.431168229878724,10,0.078
783,1.773,6.3440831042355335,10,0.078
784,1.774,6.256997978592324,10,0.078
785,1.775,6.169912852949134,10,0.078
786,1.776,6.082827727305923,10,0.078
787,1.777,5.995742601662733,10,0.078
788,1.778,5.908657476019523,10,0.078
789,1.779,5.821572350376332,10,0.078
790,1.78,5.742736157194047,10,0.078
791,1.781,5.696895693855452,10,0.078
792,1.782,5.651055230516847,10,0.078
793,1.783,5.605214767178252,10,0.078
794,1.784,5.559374303839647,10,0.077
795,1.785,5.513533840501052,10,0.077
796,1.786,5.467693377162447,10,0.077
797,1.787,5.421852913823852,10,0.077
798,1.788,5.376012450485247,10,0.077
799,1.789,5.330171987146652,10,0.077
800,1.79,5.284331523808047,10,0.077
801,1.791,5.238491060469452,10,0.077
802,1.792,5.192650597130847,10,0.077
803,1.793,5.146810133792252,10,0.077
804,1.794,5.100969670453647,10,0.077
805,1.795,5.055129207115051,10,0.077
806,1.796,5.009288743776446,10,0.077
807,1.797,4.963448280437852,10,0.077
808,1.798,4.917607817099246,10,0.077
809,1.799,4.871767353760651,10,0.077
810,1.8,4.825926890422046,10,0.077
811,1.801,4.780086427083452,10,0.077
812,1.802,4.734245963744846,10,0.077
813,1.803,4.688405500406251,10,0.077
814,1.804,4.642565037067646,10,0.077
815,1.805,4.596724573729052,10,0.077
816,1.806,4.550884110390446,10,0.077
817,1.807,4.505043647051851,10,0.077
818,1.808,4.459203183713246,10,0.076
819,1.809,4.413362720374651,10,0.076
820,1.81,4.367522257036046,10,0.076
821,1.811,4.321681793697451,10,0.076
822,1.812,4.275841330358846,10,0.076
823,1.813,4.230000867020251,10,0.076
824,1.814,4.184160403681647,10,0.076
825,1.815,4.138319940343051,10,0.076
826,1.816,4.092479477004446,10,0.076
827,1.817,4.0466390136658505,10,0.076
828,1.818,4.000798550327247,10,0.076
829,1.819,3.954958086988651,10,0.076
830,1.82,3.9091176236500456,10,0.076
831,1.821,3.8632771603114513,10,0.076
832,1.822,3.817436696972846,10,0.076
833,1.823,3.771596233634251,10,0.076
834,1.824,3.725755770295646,10,0.076
835,1.825,3.6799153069570503,10,0.076
836,1.826,3.634074843618446,10,0.076
837,1.827,3.58823438027985,10,0.076
838,1.828,3.5423939169412457,10,0.076
839,1.829,3.496553453602651,10,0.076
840,1.83,3.4507129902640457,10,0.076
841,1.831,3.404872526925451,10,0.075
842,1.832,3.3590320635868456,10,0.075
843,1.833,3.313191600248251,10,0.075
844,1.834,3.267351136909645,10,0.075
845,1.835,3.221510673571051,10,0.075
846,1.836,3.175670210232445,10,0.075
847,1.837,3.1298297468938507,10,0.075
848,1.838,3.0839892835552454,10,0.075
849,1.839,3.0381488202166507,10,0.075
850,1.84,2.9923083568780457,10,0.075
851,1.841,2.9464678935394506,10,0.075
852,1.842,2.9006274302008457,10,0.075
853,1.843,2.8547869668622505,10,0.075
854,1.844,2.8089465035236456,10,0.075
855,1.845,2.7631060401850505,10,0.075
856,1.846,2.717265576846445,10,0.075
857,1.847,2.6714251135078504,10,0.075
858,1.848,2.625584650169245,10,0.075
859,1.849,2.5797441868306503,10,0.075
860,1.85,2.5339037234920454,10,0.075
861,1.851,2.4880632601534503,10,0.075
862,1.852,2.4422227968148453,10,0.075
863,1.853,2.39638233347625,10,0.075
864,1.854,2.3505418701376453,10,0.075
865,1.855,2.30470140679905,10,0.075
866,1.856,2.258860943460445,10,0.074
867,1.857,2.21302048012185,10,0.074
868,1.858,2.167180016783245,10,0.074
869,1.859,2.12133955344465,10,0.074
870,1.86,2.075499090106045,10,0.074
871,1.861,2.02965862676745,10,0.074
872,1.862,1.983818163428845,10,0.074
873,1.863,1.9379777000902496,10,0.074
874,1.864,1.892137236751645,10,0.074
875,1.865,1.8462967734130495,10,0.074
876,1.866,1.8004563100744448,10,0.074
877,1.867,1.75461584673585,10,0.074
878,1.868,1.7087753833972448,10,0.074
879,1.869,1.6629349200586498,10,0.074
880,1.87,1.6170944567200447,10,0.074
881,1.871,1.5712539933814498,10,0.074
882,1.872,1.5254135300428446,10,0.074
883,1.873,1.4795730667042497,10,0.074
884,1.874,1.4337326033656448,10,0.074
885,1.875,1.3878921400270496,10,0.074
886,1.876,1.3420516766884547,10,0.074
887,1.877,1.2962112133498496,10,0.074
888,1.878,1.2503707500112546,10,0.074
889,1.879,1.2045302866726495,10,0.074
890,1.88,1.1621117579100004,10,0.074
891,1.881,1.1504906403308992,10,0.073
892,1.882,1.1388695227518004,10,0.073
893,1.883,1.1272484051726992,10,0.073
894,1.884,1.1156272875936004,10,0.073
895,1.885,1.1040061700144992,10,0.073
896,1.886,1.0923850524354004,10,0.073
897,1.887,1.0807639348562992,10,0.073
898,1.888,1.0691428172772004,10,0.073
899,1.889,1.0575216996980992,10,0.073
900,1.89,1.0459005821190004,10,0.073
901,1.891,1.0342794645398992,10,0.073
902,1.892,1.0226583469608004,10,0.073
903,1.893,1.0110372293816992,10,0.073
904,1.894,0.9994161118026004,10,0.073
905,1.895,0.9877949942234991,10,0.073
906,1.896,0.9761738766444004,10,0.073
907,1.897,0.9645527590652992,10,0.073
908,1.898,0.9529316414862004,10,0.073
909,1.899,0.9413105239070992,10,0.073
910,1.9,0.9296894063280003,10,0.073
911,1.901,0.9180682887488992,10,0.073
912,1.902,0.9064471711698004,10,0.073
913,1.903,0.8948260535906991,10,0.073
914,1.904,0.8832049360116003,10,0.073
915,1.905,0.8715838184324991,10,0.073
916,1.906,0.8599627008534003,10,0.073
917,1.907,0.8483415832742991,10,0.072
918,1.908,0.8367204656952003,10,0.072
919,1.909,0.8250993481160991,10,0.072
920,1.91,0.8134782305370003,10,0.072
921,1.911,0.8018571129578991,10,0.072
922,1.912,0.7902359953788003,10,0.072
923,1.913,0.7786148777996991,10,0.072
924,1.914,0.7669937602206003,10,0.072
925,1.915,0.7553726426414991,10,0.072
926,1.916,0.7437515250624003,10,0.072
927,1.917,0.732130407483299,10,0.072
928,1.918,0.7205092899042003,10,0.072
929,1.919,0.708888172325099,10,0.072
930,1.92,0.6972670547460003,10,0.072
931,1.921,0.685645937166899,10,0.072
932,1.922,0.6740248195878003,10,0.072
933,1.923,0.662403702008699,10,0.072
934,1.924,0.6507825844296002,10,0.072
935,1.925,0.639161466850499,10,0.072
936,1.926,0.6275403492714002,10,0.072
937,1.927,0.615919231692299,10,0.072
938,1.928,0.6042981141132002,10,0.072
939,1.929,0.592676996534099,10,0.072
940,1.93,0.5810558789550002,10,0.072
941,1.931,0.569434761375899,10,0.072
942,1.932,0.5578136437968002,10,0.072
943,1.933,0.546192526217699,10,0.072
944,1.934,0.5345714086386002,10,0.071
945,1.935,0.522950291059499,10,0.071
946,1.936,0.5113291734804002,10,0.071
947,1.937,0.4997080559012989,10,0.071
948,1.938,0.4880869383222002,10,0.071
949,1.939,0.4764658207430989,10,0.071
950,1.94,0.4648447031640002,10,0.071
951,1.941,0.4532235855848989,10,0.071
952,1.942,0.4416024680058001,10,0.071
953,1.943,0.4299813504266989,10,0.071
954,1.944,0.4183602328476001,10,0.071
955,1.945,0.4067391152684989,10,0.071
956,1.946,0.3951179976894001,10,0.071
957,1.947,0.3834968801102988,10,0.071
958,1.948,0.3718757625312001,10,0.071
959,1.949,0.3602546449520988,10,0.071
960,1.95,0.3486335273730001,10,0.071
961,1.951,0.3370124097938988,10,0.071
962,1.952,0.3253912922148001,10,0.071
963,1.953,0.3137701746356988,10,0.071
964,1.954,0.3021490570566001,10,0.071
965,1.955,0.2905279394774988,10,0.071
966,1.956,0.2789068218984001,10,0.071
967,1.957,0.2672857043192988,10,0.071
968,1.958,0.2556645867402001,10,0.071
969,1.959,0.2440434691610988,10,0.071
970,1.96,0.2324223515820001,10,0.071
971,1.961,0.2208012340028988,10,0.07
972,1.962,0.2091801164238,10,0.07
973,1.963,0.1975589988446988,10,0.07
974,1.964,0.1859378812656,10,0.07
975,1.965,0.1743167636864988,10,0.07
976,1.966,0.1626956461074,10,0.07
977,1.967,0.1510745285282987,10,0.07
978,1.968,0.1394534109492,10,0.07
979,1.969,0.1278322933700987,10,0.07
980,1.97,0.116211175791,10,0.07
981,1.971,0.1045900582118987,10,0.07
982,1.972,0.0929689406328,10,0.07
983,1.973,0.0813478230536987,10,0.07
984,1.974,0.0697267054746,10,0.07
985,1.975,0.0581055878954987,10,0.07
986,1.976,0.0464844703164,10,0.07
987,1.977,0.0348633527372987,10,0.07
988,1.978,0.0232422351582,10,0.07
989,1.979,0.0116211175790987,10,0.07
990,1.98,0.0,10,0.07
